{
"0":{"name":"LV","online":1,"ping":29,"x":2156.3652,"y":964.2621},
"1":{"name":"Dom","online":1,"ping":29,"x":2139.394775,"y":965.200500},
"2":{"name":"LS","online":1,"ping":29,"x":2472.9873,"y":-1685.2637}
}